,token,weight,ups,downs,avg_upvote_ratio,num_comments,score_total,total_awards_received_total,post_id,Flair_list,noun,date,daily_popularity,date__
0,nan,22,36.0,0.0,0.7113636363636363,20.0,36.0,0.0,abcgod:abb404:abcl8f:abahao:abasy6:aba0kj:abb37r:abb2hi:abaq4f:abaw69:aba6js:abagd7:abaedm:ab9ywx:ab9se0:abaf38:ab9vf2:abamxt:aba8ui:abayz6:abaheo:abciq3,GENERAL-NEWS:METRICS:GENERAL-NEWS:TRADING:GENERAL-NEWS:TRADING:GENERAL-NEWS:GENERAL-NEWS:nan:FINANCE:GENERAL-NEWS:FINANCE:SCALABILITY:EXCHANGE:GENERAL-NEWS:GENERAL-NEWS:GENERAL-NEWS:nan:nan:nan:nan:nan,True,2018-12-31,276.0,31_12_18
1,crypto,8,18.0,0.0,0.7424999999999999,5.0,18.0,0.0,abahao:abaq4f:aba6js:abagd7:ab9se0:abaf38:abaheo:abc7tl,TRADING:nan:GENERAL-NEWS:FINANCE:GENERAL-NEWS:GENERAL-NEWS:nan:nan,True,2018-12-31,103.0,31_12_18
2,just,4,6.0,0.0,0.6000000000000001,50.0,6.0,0.0,abb404:ab9ryo:aba9fh:abates,METRICS:nan:EXCHANGE:TRADING,False,2018-12-31,96.0,31_12_18
3,2019,8,13.0,0.0,0.6775,3.0,13.0,0.0,abcgod:abcl8f:abahao:abb37r:ab9se0:abamxt:abaheo:abc7tl,GENERAL-NEWS:GENERAL-NEWS:TRADING:GENERAL-NEWS:GENERAL-NEWS:nan:nan:nan,False,2018-12-31,96.0,31_12_18
4,year,7,8.0,0.0,0.7642857142857142,3.0,8.0,0.0,abb404:abb37r:ab9vf2:abamxt:aba8ui:abc7tl:abayl2,METRICS:GENERAL-NEWS:GENERAL-NEWS:nan:nan:nan:Support-Open,True,2018-12-31,81.0,31_12_18
5,know,2,6.0,0.0,0.835,36.0,6.0,0.0,ab9ryo:abayl2,nan:Support-Open,False,2018-12-31,62.0,31_12_18
6,say,2,6.0,0.0,0.835,36.0,6.0,0.0,abcl8f:ab9ryo,GENERAL-NEWS:nan,False,2018-12-31,62.0,31_12_18
7,people,2,4.0,0.0,0.5700000000000001,37.0,4.0,0.0,abb404:ab9ryo,METRICS:nan,True,2018-12-31,61.0,31_12_18
8,bitcoin,5,5.0,0.0,0.726,5.0,5.0,0.0,abcgod:abb404:abaq4f:ab9se0:abayl2,GENERAL-NEWS:METRICS:nan:GENERAL-NEWS:Support-Open,True,2018-12-31,60.0,31_12_18
9,market,4,11.0,0.0,0.6275000000000001,0.0,11.0,0.0,abahao:abb37r:abaw69:abaheo,TRADING:GENERAL-NEWS:FINANCE:nan,True,2018-12-31,51.0,31_12_18
10,update,4,11.0,0.0,0.845,0.0,11.0,0.0,abahao:ab9vf2:aba8ui:abaheo,TRADING:GENERAL-NEWS:nan:nan,True,2018-12-31,51.0,31_12_18
11,new,4,5.0,0.0,0.8325,2.0,5.0,0.0,abcl8f:abamxt:abc7tl:abayl2,GENERAL-NEWS:nan:nan:Support-Open,False,2018-12-31,47.0,31_12_18
12,happy,4,5.0,0.0,0.8325,2.0,5.0,0.0,abcl8f:abamxt:abc7tl:abayl2,GENERAL-NEWS:nan:nan:Support-Open,False,2018-12-31,47.0,31_12_18
13,markets,3,8.0,0.0,0.7933333333333333,0.0,8.0,0.0,abahao:abaheo:abc7tl,TRADING:nan:nan,True,2018-12-31,38.0,31_12_18
14,security,3,5.0,0.0,0.5966666666666667,2.0,5.0,0.0,abb37r:abaw69:aba9fh,GENERAL-NEWS:FINANCE:EXCHANGE,True,2018-12-31,37.0,31_12_18
15,happy new,3,5.0,0.0,1.0,2.0,5.0,0.0,abcl8f:abc7tl:abayl2,GENERAL-NEWS:nan:Support-Open,True,2018-12-31,37.0,31_12_18
16,like,2,2.0,0.0,0.63,13.0,2.0,0.0,aba9fh:abates,EXCHANGE:TRADING,False,2018-12-31,35.0,31_12_18
17,work,2,2.0,0.0,0.63,13.0,2.0,0.0,aba9fh:abates,EXCHANGE:TRADING,True,2018-12-31,35.0,31_12_18
18,thanks,2,3.0,0.0,0.8,12.0,3.0,0.0,abates:abayl2,TRADING:Support-Open,True,2018-12-31,35.0,31_12_18
19,don,2,3.0,0.0,0.8,12.0,3.0,0.0,abates:abayl2,TRADING:Support-Open,True,2018-12-31,35.0,31_12_18
20,trading,2,2.0,0.0,0.5800000000000001,12.0,2.0,0.0,abates:ab9se0,TRADING:GENERAL-NEWS,True,2018-12-31,34.0,31_12_18
21,new year,3,3.0,0.0,0.7766666666666667,1.0,3.0,0.0,abamxt:abc7tl:abayl2,nan:nan:Support-Open,False,2018-12-31,34.0,31_12_18
22,looking,2,2.0,0.0,0.8,12.0,2.0,0.0,abates:abaixi,TRADING:nan,False,2018-12-31,34.0,31_12_18
23,blockchain,3,3.0,0.0,0.7766666666666667,0.0,3.0,0.0,abb2hi:abaq4f:abamxt,GENERAL-NEWS:nan:nan,True,2018-12-31,33.0,31_12_18
24,usd,2,2.0,0.0,0.75,10.0,2.0,0.0,aba0kj:abayl2,TRADING:Support-Open,True,2018-12-31,32.0,31_12_18
25,years,2,2.0,0.0,0.75,10.0,2.0,0.0,abcl8f:aba0kj,GENERAL-NEWS:TRADING,True,2018-12-31,32.0,31_12_18
26,approaches nan,2,7.0,0.0,0.69,0.0,7.0,0.0,abahao:abaheo,TRADING:nan,True,2018-12-31,27.0,31_12_18
27,update crypto,2,7.0,0.0,0.69,0.0,7.0,0.0,abahao:abaheo,TRADING:nan,True,2018-12-31,27.0,31_12_18
28,rally,2,7.0,0.0,0.69,0.0,7.0,0.0,abahao:abaheo,TRADING:nan,True,2018-12-31,27.0,31_12_18
29,fail rally,2,7.0,0.0,0.69,0.0,7.0,0.0,abahao:abaheo,TRADING:nan,False,2018-12-31,27.0,31_12_18
30,fail,2,7.0,0.0,0.69,0.0,7.0,0.0,abahao:abaheo,TRADING:nan,True,2018-12-31,27.0,31_12_18
31,investors,2,5.0,0.0,0.7050000000000001,2.0,5.0,0.0,abagd7:abciq3,FINANCE:nan,True,2018-12-31,27.0,31_12_18
32,december 31st,2,7.0,0.0,0.69,0.0,7.0,0.0,abahao:abaheo,TRADING:nan,True,2018-12-31,27.0,31_12_18
33,december,2,7.0,0.0,0.69,0.0,7.0,0.0,abahao:abaheo,TRADING:nan,True,2018-12-31,27.0,31_12_18
34,crypto markets,2,7.0,0.0,0.69,0.0,7.0,0.0,abahao:abaheo,TRADING:nan,True,2018-12-31,27.0,31_12_18
35,rally 2019,2,7.0,0.0,0.69,0.0,7.0,0.0,abahao:abaheo,TRADING:nan,True,2018-12-31,27.0,31_12_18
36,approaches,2,7.0,0.0,0.69,0.0,7.0,0.0,abahao:abaheo,TRADING:nan,True,2018-12-31,27.0,31_12_18
37,rapidly,2,7.0,0.0,0.69,0.0,7.0,0.0,abahao:abaheo,TRADING:nan,False,2018-12-31,27.0,31_12_18
38,rapidly approaches,2,7.0,0.0,0.69,0.0,7.0,0.0,abahao:abaheo,TRADING:nan,True,2018-12-31,27.0,31_12_18
39,market update,2,7.0,0.0,0.69,0.0,7.0,0.0,abahao:abaheo,TRADING:nan,True,2018-12-31,27.0,31_12_18
40,2019 rapidly,2,7.0,0.0,0.69,0.0,7.0,0.0,abahao:abaheo,TRADING:nan,False,2018-12-31,27.0,31_12_18
41,31st market,2,7.0,0.0,0.69,0.0,7.0,0.0,abahao:abaheo,TRADING:nan,False,2018-12-31,27.0,31_12_18
42,markets fail,2,7.0,0.0,0.69,0.0,7.0,0.0,abahao:abaheo,TRADING:nan,True,2018-12-31,27.0,31_12_18
43,31st,2,7.0,0.0,0.69,0.0,7.0,0.0,abahao:abaheo,TRADING:nan,False,2018-12-31,27.0,31_12_18
44,create,2,5.0,0.0,0.79,1.0,5.0,0.0,abaw69:abayl2,FINANCE:Support-Open,True,2018-12-31,26.0,31_12_18
45,developer,2,3.0,0.0,0.8300000000000001,2.0,3.0,0.0,abb2hi:aba9fh,GENERAL-NEWS:EXCHANGE,True,2018-12-31,25.0,31_12_18
46,vevue,2,4.0,0.0,1.0,0.0,4.0,0.0,ab9vf2:aba8ui,GENERAL-NEWS:nan,True,2018-12-31,24.0,31_12_18
47,dapp,2,4.0,0.0,1.0,0.0,4.0,0.0,ab9vf2:aba8ui,GENERAL-NEWS:nan,True,2018-12-31,24.0,31_12_18
48,amp,2,2.0,0.0,0.8300000000000001,2.0,2.0,0.0,abaq4f:aba9fh,nan:EXCHANGE,True,2018-12-31,24.0,31_12_18
49,pay,2,4.0,0.0,0.625,0.0,4.0,0.0,abaw69:abaedm,FINANCE:SCALABILITY,True,2018-12-31,24.0,31_12_18
50,dapp nan,2,4.0,0.0,1.0,0.0,4.0,0.0,ab9vf2:aba8ui,GENERAL-NEWS:nan,True,2018-12-31,24.0,31_12_18
51,vevue end,2,4.0,0.0,1.0,0.0,4.0,0.0,ab9vf2:aba8ui,GENERAL-NEWS:nan,True,2018-12-31,24.0,31_12_18
52,update qtum,2,4.0,0.0,1.0,0.0,4.0,0.0,ab9vf2:aba8ui,GENERAL-NEWS:nan,True,2018-12-31,24.0,31_12_18
53,end,2,4.0,0.0,1.0,0.0,4.0,0.0,ab9vf2:aba8ui,GENERAL-NEWS:nan,True,2018-12-31,24.0,31_12_18
54,end year,2,4.0,0.0,1.0,0.0,4.0,0.0,ab9vf2:aba8ui,GENERAL-NEWS:nan,True,2018-12-31,24.0,31_12_18
55,security tokens,2,4.0,0.0,0.565,0.0,4.0,0.0,abb37r:abaw69,GENERAL-NEWS:FINANCE,True,2018-12-31,24.0,31_12_18
56,million,2,3.0,0.0,0.655,1.0,3.0,0.0,ab9se0:abciq3,GENERAL-NEWS:nan,False,2018-12-31,24.0,31_12_18
57,tokens,2,4.0,0.0,0.565,0.0,4.0,0.0,abb37r:abaw69,GENERAL-NEWS:FINANCE,True,2018-12-31,24.0,31_12_18
58,year update,2,4.0,0.0,1.0,0.0,4.0,0.0,ab9vf2:aba8ui,GENERAL-NEWS:nan,True,2018-12-31,24.0,31_12_18
59,qtum,2,4.0,0.0,1.0,0.0,4.0,0.0,ab9vf2:aba8ui,GENERAL-NEWS:nan,True,2018-12-31,24.0,31_12_18
60,qtum dapp,2,4.0,0.0,1.0,0.0,4.0,0.0,ab9vf2:aba8ui,GENERAL-NEWS:nan,True,2018-12-31,24.0,31_12_18
